rmcase,type,adult,month,whtdy,wchma,nmcrb
5,1,1,2,2,9,2
6,1,1,3,32,15,1
6,1,1,3,32,15,4
6,1,1,3,32,15,4
6,1,1,6,32,15,3
8,1,1,3,11,7,8
9,1,1,6,32,15,5
11,1,1,6,2,15,5
12,1,1,2,32,5,5
12,1,1,3,32,15,4
12,1,1,3,32,15,3
12,1,1,3,32,5,4
13,1,1,2,32,15,4
13,1,1,3,32,15,1
13,1,1,3,32,15,1
13,1,1,3,32,15,4
14,1,1,3,26,4,5
14,1,1,3,26,4,5
14,1,1,3,27,4,5
14,1,1,4,32,4,5
15,1,1,2,32,15,2
15,1,1,2,32,15,1
15,1,1,2,32,15,2
16,1,1,2,32,3,2
16,1,1,2,32,3,5
17,1,1,2,22,3,4
17,1,1,2,24,3,2
18,1,1,2,2,15,1
18,1,1,2,4,15,1
19,1,1,2,32,15,2
19,1,1,2,32,15,2
19,1,1,2,32,10,1
19,1,1,2,32,10,2
19,1,1,3,32,10,2
20,1,1,3,17,15,4
21,1,1,3,26,15,4
22,1,1,3,26,15,1
23,1,1,2,28,15,4
24,1,1,4,32,15,6
26,1,1,2,1,15,15
27,1,1,6,32,15,2
28,1,1,6,32,15,3
29,1,1,3,24,15,2
30,1,1,2,32,4,4
31,1,1,3,19,4,5
32,1,1,6,32,15,2
33,1,1,2,32,15,2
34,1,1,2,32,4,4
34,1,1,2,32,4,4
34,1,1,2,32,4,4
34,1,1,2,32,4,4
34,1,1,2,32,4,4
34,1,1,2,32,4,4
34,1,1,2,32,4,4
34,1,1,2,32,4,4
34,1,1,2,32,4,4
34,1,1,3,32,4,4
34,1,1,3,32,4,4
34,1,1,3,32,4,4
34,1,1,3,32,4,4
34,1,1,4,3,4,4
40,1,1,3,11,15,2
41,1,1,2,8,7,5
45,1,1,4,32,15,4
48,1,1,6,32,15,3
55,1,1,2,2,5,2
55,1,1,2,3,5,2
57,1,1,3,8,4,8
57,1,1,3,26,4,18
57,1,1,4,32,4,10
61,1,1,3,32,4,10
64,1,1,2,12,4,5
64,1,1,2,20,4,5
64,1,1,3,8,4,5
64,1,1,3,32,12,5
65,1,1,2,32,15,5
66,1,1,3,32,15,4
66,1,1,3,32,15,5
66,1,1,6,32,15,5
71,1,1,2,4,15,5
88,1,1,2,32,15,5
88,1,1,2,32,15,5
90,1,1,2,7,10,1
90,1,1,2,8,10,1
90,1,1,2,9,10,1
92,1,1,2,32,4,2
104,1,1,3,27,5,5
111,1,1,4,8,4,5
113,1,1,2,15,4,4
114,1,1,4,1,4,5
122,1,1,2,32,15,4
123,1,1,2,1,5,5
126,1,1,2,32,7,2
128,1,1,2,32,7,2
128,1,1,4,32,7,1
134,1,1,2,10,6,5
138,1,1,2,2,6,4
141,1,1,2,8,6,5
142,1,1,2,32,3,2
142,1,1,2,32,3,2
143,1,1,3,32,15,7
144,1,1,2,3,4,3
145,1,1,2,8,6,4
145,1,1,2,15,6,6
150,1,1,6,32,15,4
167,1,1,2,10,15,5
167,1,1,2,32,15,5
167,1,1,3,32,15,5
168,1,1,3,32,15,5
169,1,1,2,32,15,4
176,1,1,4,3,4,2
179,1,1,2,32,3,5
179,1,1,3,32,3,5
180,1,1,2,32,15,1
181,1,1,2,11,4,5
181,1,1,4,23,4,5
183,1,1,2,32,4,5
183,1,1,3,32,4,5
183,1,1,4,32,4,5
191,1,1,2,15,6,5
192,1,1,3,20,6,5
204,1,1,3,31,4,5
204,1,1,4,1,4,5
207,1,1,2,14,5,2
207,1,1,2,15,4,4
207,1,1,2,23,5,5
208,1,1,2,32,8,1
214,1,1,2,5,12,2
214,1,1,2,12,12,3
214,1,1,3,5,12,4
214,1,1,4,10,12,4
222,1,1,2,2,4,4
222,1,1,3,4,4,7
222,1,1,3,6,4,5
224,1,1,6,32,15,14
231,1,1,2,32,6,4
231,1,1,2,32,6,4
231,1,1,3,32,6,2
236,1,1,2,14,8,1
236,1,1,2,15,8,2
237,1,1,3,32,4,10
239,1,1,6,32,15,3
242,1,1,3,20,4,5
245,1,1,2,4,15,3
253,1,1,3,32,6,5
264,1,1,2,1,7,7
265,1,1,6,32,5,5
265,1,1,6,32,5,5
269,1,1,2,32,10,1
275,1,1,2,32,6,4
275,1,1,3,32,6,3
286,1,1,2,6,7,4
288,1,1,2,6,6,3
288,1,1,2,28,6,7
288,1,1,3,7,4,5
288,1,1,3,14,4,5
288,1,1,3,21,4,5
288,1,1,4,1,6,5
292,1,1,2,28,1,5
293,1,1,3,15,6,4
296,1,1,2,22,6,5
296,1,1,2,29,6,5
296,1,1,3,32,6,5
296,1,1,3,32,5,5
296,1,1,4,32,6,5
298,1,1,4,2,6,5
299,1,1,2,32,7,3
303,1,1,2,1,3,5
303,1,1,2,2,3,1
303,1,1,2,3,3,1
310,1,1,2,13,6,5
310,1,1,3,7,6,5
315,1,1,2,2,3,5
318,1,1,2,32,6,5
319,1,1,3,17,6,4
319,1,1,3,18,6,4
319,1,1,3,19,6,5
343,1,1,2,28,6,2
343,1,1,2,29,6,3
347,1,1,2,8,12,5
348,1,1,2,1,6,5
348,1,1,2,3,6,5
348,1,1,4,32,6,1
354,1,1,4,9,4,2
357,1,1,3,26,2,2
368,1,1,2,32,15,4
369,1,1,2,4,15,1
370,1,1,3,32,15,4
370,1,1,3,32,15,4
371,1,1,2,32,6,1
371,1,1,2,32,6,3
376,1,1,2,32,10,4
376,1,1,2,32,10,4
376,1,1,2,32,10,4
376,1,1,2,32,10,4
376,1,1,2,32,10,4
376,1,1,2,32,10,4
376,1,1,2,32,10,4
376,1,1,2,32,10,20
377,1,1,4,2,4,5
377,1,1,4,3,4,5
377,1,1,4,4,4,3
379,1,1,2,8,6,5
382,1,1,3,9,6,2
382,1,1,3,16,6,2
384,1,1,2,32,7,3
384,1,1,2,32,7,4
384,1,1,3,10,7,4
384,1,1,3,32,7,32
385,1,1,2,1,5,12
387,1,1,3,15,4,5
387,1,1,3,32,4,5
387,1,1,3,32,4,5
387,1,1,3,32,4,5
397,1,1,3,5,4,5
397,1,1,3,19,4,5
397,1,1,4,2,4,10
400,1,1,4,32,9,2
401,1,1,2,32,5,3
404,1,1,3,32,6,3
404,1,1,3,32,6,5
420,1,1,2,3,4,4
425,1,1,2,4,3,5
425,1,1,2,29,3,5
425,1,1,3,19,3,4
427,1,1,2,21,4,1
427,1,1,2,22,4,2
427,1,1,2,29,4,3
427,1,1,2,30,4,5
427,1,1,3,4,4,2
427,1,1,3,5,4,1
430,1,1,2,14,4,2
430,1,1,2,21,4,4
430,1,1,2,32,4,3
432,1,1,2,32,6,5
432,1,1,2,32,6,5
441,1,1,3,32,4,2
441,1,1,3,32,4,2
441,1,1,3,32,4,5
445,1,1,3,1,4,1
445,1,1,3,3,4,6
450,1,1,3,29,9,4
452,1,1,4,32,15,3
456,1,1,2,4,3,2
482,1,1,2,32,8,4
482,1,1,2,32,8,4
488,1,1,2,6,7,2
488,1,1,2,13,7,2
488,1,1,4,32,7,4
489,1,1,2,13,3,4
489,1,1,2,14,3,4
489,1,1,2,15,3,4
489,1,1,2,20,3,4
497,1,1,2,7,7,5
497,1,1,2,9,7,5
497,1,1,2,10,7,3
497,1,1,2,13,7,5
507,1,1,2,32,15,6
518,1,1,3,13,4,3
522,1,1,3,5,10,5
532,1,1,2,32,9,5
536,1,1,3,24,4,5
541,1,1,3,32,4,5
541,1,1,3,32,4,5
541,1,1,3,32,4,5
541,1,1,3,32,4,5
558,1,1,3,32,3,1
560,1,1,2,1,3,5
560,1,1,2,2,3,5
560,1,1,2,3,3,5
569,1,1,2,32,12,4
570,1,1,2,6,3,5
570,1,1,2,7,3,5
570,1,1,2,8,3,5
570,1,1,2,9,3,5
577,1,1,4,3,8,3
579,1,1,3,32,9,2
579,1,1,3,32,9,2
581,1,1,4,32,4,3
587,1,1,2,16,3,1
591,1,1,2,32,4,3
591,1,1,2,32,4,3
591,1,1,2,32,4,3
596,1,1,2,32,9,5
596,1,1,2,32,9,5
596,1,1,2,32,9,10
596,1,1,3,32,9,20
596,1,1,4,32,9,12
596,1,1,4,32,9,15
596,1,1,4,32,9,25
600,1,1,2,32,6,4
600,1,1,2,32,6,4
600,1,1,2,32,6,4
600,1,1,3,32,6,4
600,1,1,3,32,6,4
600,1,1,3,32,6,4
600,1,1,4,3,6,2
604,1,1,2,32,5,5
604,1,1,3,32,5,4
609,1,1,6,32,4,1
631,1,1,4,32,15,5
633,1,1,3,21,7,5
639,1,1,2,32,4,1
639,1,1,3,32,4,1
639,1,1,3,32,4,1
647,1,1,2,32,5,2
647,1,1,2,32,5,3
651,1,1,2,4,10,2
656,1,1,2,9,9,5
656,1,1,2,30,9,5
659,1,1,2,32,6,2
659,1,1,2,32,6,4
659,1,1,3,32,6,1
660,1,1,2,32,5,3
660,1,1,4,32,15,1
662,1,1,2,1,15,1
663,1,1,2,28,6,4
664,1,1,3,32,15,4
665,1,1,3,20,15,5
666,1,1,2,22,4,5
668,1,1,2,32,15,4
668,1,1,3,32,4,5
673,1,1,3,11,15,3
675,1,1,2,28,4,4
681,1,1,2,27,15,4
687,1,1,3,28,5,5
687,1,1,3,31,5,5
687,1,1,4,1,5,5
687,1,1,4,3,5,5
687,1,1,4,4,5,5
688,1,1,2,7,15,3
690,1,1,6,32,6,3
691,1,1,3,19,4,4
692,1,1,3,32,4,3
692,1,1,3,32,4,3
694,1,1,2,32,3,5
694,1,1,3,32,4,4
694,1,1,3,32,4,4
694,1,1,3,32,4,4
694,1,1,3,32,4,4
695,1,1,3,12,15,6
703,1,1,2,32,9,4
707,1,1,2,32,4,3
716,1,1,4,1,10,4
719,1,1,6,32,4,4
720,1,1,6,32,4,3
723,1,1,2,32,13,1
723,1,1,2,32,13,2
723,1,1,3,32,13,2
725,1,1,4,30,5,4
734,1,1,6,32,9,5
734,1,1,6,32,9,5
746,1,1,4,32,4,5
747,1,1,2,32,4,5
747,1,1,2,32,4,5
747,1,1,3,32,4,5
748,1,1,2,15,9,5
751,1,1,2,16,4,1
761,1,1,2,32,4,1
761,1,1,2,32,4,2
761,1,1,2,32,4,2
761,1,1,2,32,4,2
761,1,1,2,32,4,2
763,1,1,6,32,15,1
764,1,1,3,5,15,5
768,1,1,2,32,4,4
768,1,1,2,32,4,4
768,1,1,3,32,4,4
770,1,1,2,32,15,3
779,1,1,2,32,15,3
780,1,1,3,24,15,1
785,1,1,2,5,5,5
786,1,1,3,32,7,1
786,1,1,3,32,7,1
791,1,1,3,32,6,1
793,1,1,6,32,6,4
793,1,1,6,32,6,4
796,1,1,2,32,15,6
798,1,1,2,2,15,12
802,1,1,2,32,10,3
819,1,1,3,32,4,4
820,1,1,4,32,15,20
825,1,1,4,2,6,3
829,1,1,3,32,3,5
831,1,1,2,32,15,3
838,1,1,2,32,5,3
840,1,1,2,32,15,4
840,1,1,3,32,15,4
840,1,1,3,32,15,4
841,1,1,3,29,4,5
845,1,1,3,32,10,3
855,1,1,4,32,7,20
861,1,1,3,32,9,3
866,1,1,6,32,15,1
869,1,1,2,32,4,1
877,1,1,6,32,7,5
879,1,1,2,32,6,10
879,1,1,3,4,6,10
879,1,1,3,13,6,20
879,1,1,6,32,6,12
879,1,1,6,32,6,15
885,1,1,2,32,4,5
885,1,1,3,32,4,5
885,1,1,4,32,4,5
889,1,1,6,32,6,4
890,1,1,3,32,15,5
895,1,1,6,32,5,6
897,1,1,2,32,7,5
900,1,1,2,32,4,3
902,1,1,2,32,5,1
902,1,1,2,32,5,1
902,1,1,2,32,5,1
922,1,1,2,32,3,3
935,2,1,6,32,4,50
936,2,1,2,2,3,5
936,2,1,2,22,4,5
936,2,1,3,12,3,4
936,2,1,3,29,4,2
937,2,1,3,7,7,2
938,2,1,2,1,4,5
944,2,1,2,21,4,5
944,2,1,2,23,4,5
944,2,1,2,24,4,5
944,2,1,3,6,4,5
944,2,1,3,12,4,5
944,2,1,3,18,4,5
944,2,1,3,19,4,5
944,2,1,3,20,4,2
945,2,1,3,8,5,4
946,2,1,4,15,15,2
947,2,1,2,13,3,4
947,2,1,2,14,3,5
947,2,1,2,15,3,4
948,2,1,2,4,15,4
949,2,1,6,32,15,4
950,2,1,2,15,15,3
951,2,1,4,32,15,5
952,2,1,3,26,4,4
953,2,1,3,32,13,4
954,2,1,3,32,4,3
954,2,1,3,32,4,4
954,2,1,3,32,4,5
954,2,1,3,32,4,5
954,2,1,3,32,4,5
954,2,1,3,32,4,5
954,2,1,3,32,4,5
954,2,1,3,32,4,5
954,2,1,4,32,4,5
954,2,1,4,32,4,5
954,2,1,6,32,4,4
955,2,1,2,32,4,4
955,2,1,2,32,4,4
955,2,1,2,32,4,4
955,2,1,2,32,4,4
955,2,1,3,32,4,4
955,2,1,3,32,4,4
955,2,1,3,32,4,4
955,2,1,3,32,4,4
955,2,1,4,32,4,4
955,2,1,4,32,4,4
955,2,1,4,32,4,4
955,2,1,4,32,4,4
955,2,1,4,32,4,4
956,2,1,2,32,7,5
956,2,1,3,32,7,5
956,2,1,3,32,7,5
957,2,1,3,32,6,4
957,2,1,4,32,6,3
957,2,1,4,32,6,3
958,2,1,3,4,5,4
958,2,1,3,32,5,3
959,2,1,4,32,10,1
960,2,1,3,32,9,4
961,2,1,6,32,4,4
962,2,1,2,32,5,4
963,2,1,2,32,4,5
963,2,1,3,32,4,5
963,2,1,4,32,4,5
964,2,1,2,32,6,5
964,2,1,2,32,6,5
964,2,1,3,32,6,5
964,2,1,4,2,6,5
965,2,1,3,32,4,10
966,2,1,2,32,4,5
966,2,1,2,32,4,5
966,2,1,3,32,4,5
966,2,1,3,32,4,5
966,2,1,4,32,4,5
967,2,1,3,32,8,2
967,2,1,3,32,8,3
968,2,1,3,32,6,1
968,2,1,3,32,6,3
968,2,1,3,32,6,3
968,2,1,3,32,6,4
969,2,1,3,32,4,4
970,2,1,2,32,8,1
971,2,1,6,32,6,5
972,2,1,3,32,4,5
972,2,1,3,32,4,5
973,2,1,3,32,9,4
973,2,1,3,32,9,5
974,2,1,2,32,4,2
974,2,1,3,32,4,3
974,2,1,3,32,4,4
974,2,1,3,32,4,4
975,2,1,2,32,4,21
976,2,1,2,32,6,8
977,2,1,3,19,4,5
977,2,1,3,21,4,5
977,2,1,3,32,4,15
978,2,1,2,32,6,5
979,2,1,2,4,6,2
979,2,1,2,5,6,3
979,2,1,3,32,6,1
980,2,1,2,32,4,4
980,2,1,3,32,4,3
980,2,1,4,32,4,3
981,2,1,3,32,8,2
982,2,1,2,5,3,15
982,2,1,4,32,3,5
983,2,1,3,32,4,6
984,2,1,3,32,4,4
984,2,1,4,32,4,5
985,2,1,2,32,12,2
985,2,1,2,32,7,3
986,2,1,3,32,4,5
987,2,1,3,32,5,6
988,2,1,2,32,15,4
989,2,1,2,32,9,5
989,2,1,3,32,9,4
990,2,1,6,32,6,26
991,2,1,2,32,4,4
991,2,1,4,32,4,1
992,2,1,2,32,4,1
993,2,1,2,32,10,14
994,2,1,2,32,4,5
995,2,1,2,32,4,2
995,2,1,2,32,4,2
995,2,1,2,32,4,3
995,2,1,2,32,4,5
995,2,1,2,32,4,5
996,2,1,2,32,7,4
997,2,1,3,32,7,1
998,2,1,2,32,5,1
998,2,1,2,32,5,3
999,2,1,2,32,5,2
999,2,1,2,32,5,3
999,2,1,2,32,5,3
999,2,1,3,32,5,2
999,2,1,3,32,5,2
1000,2,1,3,32,6,5
1001,2,1,2,32,9,3
1002,2,1,2,32,4,4
1002,2,1,3,32,4,4
1002,2,1,3,32,4,4
1002,2,1,3,32,4,4
1002,2,1,3,32,4,4
1002,2,1,4,32,4,4
1003,2,1,2,32,4,2
1004,2,1,2,32,7,5
1005,2,1,2,32,7,3
1005,2,1,2,32,7,5
1005,2,1,3,32,7,2
1006,2,1,2,32,4,4
1006,2,1,2,32,4,5
1007,2,1,3,32,1,7
1008,2,1,3,32,8,4
1009,2,1,3,32,4,5
1010,2,1,2,32,7,1
1010,2,1,2,32,7,2
1011,2,1,2,32,4,3
1012,2,1,2,32,5,5
1013,2,1,2,32,7,4
1013,2,1,2,32,7,4
1013,2,1,2,32,7,4
1013,2,1,3,32,7,4
1014,2,1,2,32,7,5
1015,2,1,3,32,4,4
1016,2,1,3,32,6,4
1017,2,1,2,32,5,2
1017,2,1,2,32,5,2
1017,2,1,2,32,5,2
1017,2,1,2,32,5,2
1018,2,1,2,32,7,5
1019,2,1,2,32,4,3
1019,2,1,2,32,4,3
1019,2,1,2,32,4,4
1019,2,1,3,32,4,4
1020,2,1,2,32,5,5
1021,2,1,2,32,4,4
1022,2,1,2,32,4,2
1023,2,1,2,32,5,5
1024,2,1,2,32,4,3
1024,2,1,2,32,4,5
1024,2,1,2,32,4,5
1025,2,1,2,32,4,1
1025,2,1,2,32,4,2
1025,2,1,2,32,4,2
1025,2,1,3,32,4,1
1025,2,1,3,32,4,1
1025,2,1,3,32,4,1
1025,2,1,3,32,4,2
1026,2,1,2,32,8,5
1026,2,1,2,32,8,5
1026,2,1,3,32,6,5
1026,2,1,4,32,12,2
1027,2,1,2,32,5,4
1027,2,1,3,32,5,5
1028,2,1,2,5,5,5
1028,2,1,3,32,5,5
1029,2,1,3,32,4,5
1029,2,1,3,32,4,5
1029,2,1,4,32,4,4
1030,2,1,3,32,4,2
1030,2,1,4,7,4,1
1031,2,1,2,7,6,5
1031,2,1,2,12,6,5
1031,2,1,3,4,6,1
1031,2,1,4,32,6,2
1032,2,1,2,32,9,2
1033,2,1,2,32,3,5
1033,2,1,2,32,3,5
1034,2,1,2,32,6,2
1034,2,1,2,32,6,3
1035,2,1,2,32,4,3
1035,2,1,2,32,4,4
1035,2,1,3,32,4,4
1036,2,1,2,32,15,5
1037,2,1,4,32,4,2
1038,2,1,3,32,4,5
1039,2,1,6,32,15,4
1040,2,1,2,32,10,1
1041,2,1,3,3,4,3
1041,2,1,3,32,4,3
1041,2,1,3,32,4,4
1041,2,1,3,32,4,5
1041,2,1,4,4,4,1
1042,2,1,2,32,4,3
1043,2,1,2,32,6,5
1043,2,1,2,32,6,5
1043,2,1,2,32,6,5
1043,2,1,2,32,6,5
1043,2,1,2,32,6,5
1043,2,1,3,32,6,5
1043,2,1,3,32,6,5
1044,2,1,3,32,4,3
1045,2,1,2,32,7,3
1045,2,1,2,32,7,4
1045,2,1,3,32,7,1
1045,2,1,3,32,7,2
1045,2,1,3,32,7,3
1046,2,1,2,2,6,5
1046,2,1,3,32,8,5
1047,2,1,2,32,10,3
1047,2,1,2,32,10,4
1047,2,1,3,32,10,4
1047,2,1,3,32,10,4
1048,2,1,2,32,3,3
1049,2,1,2,15,4,3
1049,2,1,2,32,4,5
1049,2,1,3,32,4,3
1050,2,1,3,32,7,4
1051,2,1,3,32,4,1
1052,2,1,2,32,5,5
1053,2,1,3,32,9,4
1054,2,1,3,32,3,2
1055,2,1,2,32,3,3
1056,2,1,3,32,4,5
1056,2,1,3,32,4,5
1057,2,1,2,32,6,5
1057,2,1,2,32,6,5
1058,2,1,2,32,4,5
1058,2,1,3,32,4,7
1059,2,1,2,32,9,1
1059,2,1,2,32,9,5
1059,2,1,3,32,9,3
1059,2,1,3,32,9,4
1060,2,1,3,32,8,1
1061,2,1,2,32,5,2
1062,2,1,3,32,4,4
1063,2,1,3,32,6,2
1063,2,1,3,32,6,3
1063,2,1,3,32,6,5
1064,2,1,2,32,4,5
1064,2,1,2,32,4,5
1064,2,1,2,32,4,5
1064,2,1,3,32,4,3
1064,2,1,3,32,4,5
1065,2,1,3,32,7,4
1066,2,1,2,32,5,5
1066,2,1,2,32,5,5
1066,2,1,3,32,5,5
1067,2,1,3,32,4,2
1067,2,1,3,32,4,3
1068,2,1,6,32,10,1
1069,2,1,3,32,9,4
1069,2,1,3,32,9,4
1069,2,1,3,32,9,4
1070,2,1,6,32,5,4
1071,2,1,3,32,5,1
1071,2,1,3,32,5,3
1072,2,1,6,32,6,2
1072,2,1,6,32,6,3
1073,2,1,2,32,7,32
1073,2,1,3,32,7,4
1073,2,1,4,32,7,2
1074,2,1,2,32,6,5
1075,2,1,2,32,6,40
1075,2,1,3,32,6,20
1076,2,1,2,32,4,4
1076,2,1,3,32,4,5
1076,2,1,4,1,4,2
1077,2,1,3,32,4,5
1078,2,1,3,32,15,1
1079,2,1,2,32,8,4
1079,2,1,3,32,8,4
1079,2,1,4,32,8,2
1080,2,1,3,32,4,1
1080,2,1,3,32,4,2
1081,2,1,3,32,4,4
1081,2,1,3,32,4,4
1082,2,1,3,32,12,5
1083,2,1,2,32,15,3
1083,2,1,2,32,15,3
1084,2,1,3,32,6,4
1084,2,1,3,32,6,4
1084,2,1,3,32,6,5
1084,2,1,3,32,6,5
1085,2,1,3,32,6,3
1086,2,1,2,32,5,3
1087,2,1,2,32,10,1
1087,2,1,2,32,10,1
1088,2,1,2,32,7,4
1088,2,1,3,32,7,5
1088,2,1,4,32,7,5
1089,2,1,2,32,6,4
1089,2,1,2,32,6,5
1089,2,1,3,32,7,4
1089,2,1,3,32,6,5
1090,2,1,3,32,8,5
1091,2,1,2,32,4,7
1092,2,1,6,32,8,4
1093,2,1,2,32,13,2
1094,2,1,3,32,7,1
1094,2,1,3,32,7,2
1095,2,1,4,32,10,5
1096,2,1,2,32,7,5
1097,2,1,2,32,8,5
1098,2,1,3,32,4,5
1099,2,1,3,32,4,4
1099,2,1,3,32,4,4
1100,2,1,2,32,7,4
1100,2,1,2,32,7,4
1101,2,1,2,14,6,5
1101,2,1,2,14,6,5
1101,2,1,4,8,4,5
1101,2,1,4,32,4,3
1101,2,1,4,32,4,5
1102,2,1,3,32,8,5
1103,2,1,2,32,10,5
1103,2,1,2,32,10,5
1104,2,1,4,32,4,5
1104,2,1,4,32,4,5
1105,2,1,4,32,4,4
1106,2,1,2,32,4,3
1106,2,1,3,32,4,1
1107,2,1,2,32,9,5
1108,2,1,2,32,4,4
1108,2,1,3,32,4,4
1108,2,1,3,32,4,4
1108,2,1,4,32,4,4
1108,2,1,4,32,4,4
1108,2,1,4,32,4,4
1109,2,1,3,32,7,2
1110,2,1,3,32,4,5
1111,2,1,3,32,4,5
1111,2,1,3,32,4,5
1111,2,1,3,32,4,5
1111,2,1,4,32,4,5
1111,2,1,4,32,4,5
1112,2,1,3,32,4,5
1113,2,1,2,32,7,4
1113,2,1,2,32,7,4
1113,2,1,2,32,7,4
1113,2,1,2,32,7,4
1114,2,1,2,32,15,4
1115,2,1,3,32,4,5
1116,2,1,2,32,10,4
1117,2,1,2,32,13,2
1117,2,1,3,32,13,3
1118,2,1,2,32,15,3
1119,2,1,2,32,6,2
1119,2,1,3,32,7,2
1120,2,1,3,32,4,5
1120,2,1,3,32,4,5
1120,2,1,3,32,4,5
1120,2,1,4,32,4,5
1121,2,1,2,32,4,3
1121,2,1,3,32,4,3
1121,2,1,3,32,4,3
1121,2,1,3,32,4,3
1121,2,1,3,32,4,5
1121,2,1,4,1,4,5
1122,2,1,3,32,4,5
1123,2,1,2,32,6,2
1123,2,1,3,32,4,4
1124,2,1,3,32,7,3
1124,2,1,3,32,7,3
1125,2,1,4,32,8,2
1125,2,1,4,32,8,3
1126,2,1,2,32,5,2
1127,2,1,6,32,5,3
1128,2,1,6,32,4,5
1129,2,1,2,32,15,6
1130,2,1,3,32,6,10
1131,2,1,3,32,6,4
1131,2,1,4,32,6,5
1132,2,1,2,32,4,5
1133,2,1,3,32,4,1
1134,2,1,2,32,4,2
1134,2,1,3,32,4,5
1134,2,1,3,32,4,5
1134,2,1,3,32,4,5
1135,2,1,3,32,8,1
1135,2,1,3,32,8,2
1136,2,1,2,31,5,2
1137,2,1,2,21,4,5
1137,2,1,2,22,4,5
1137,2,1,3,31,4,4
1138,2,1,2,31,10,5
1138,2,1,3,11,10,3
1138,2,1,3,12,10,3
1138,2,1,3,13,10,2
1139,2,1,2,31,4,4
1139,2,1,4,14,4,4
1140,2,1,2,31,9,2
1141,2,1,2,31,9,4
1142,2,1,2,30,4,5
1143,2,1,2,30,10,3
1144,2,1,2,7,6,5
1144,2,1,2,30,6,4
1145,2,1,2,31,4,5
1145,2,1,3,1,4,4
1145,2,1,3,30,4,3
1146,2,1,2,30,11,1
1147,2,1,2,30,6,2
1148,2,1,3,30,8,2
1149,2,1,2,6,7,5
1149,2,1,2,27,7,5
1149,2,1,2,28,7,5
1149,2,1,2,29,7,5
1150,2,1,2,29,6,3
1151,2,1,2,29,7,4
1152,2,1,2,29,8,2
1153,2,1,2,29,6,1
1154,2,1,2,29,6,4
1155,2,1,2,2,4,5
1155,2,1,2,22,4,5
1155,2,1,2,29,4,2
1156,2,1,2,29,4,2
1156,2,1,2,30,4,3
1157,2,1,2,7,3,1
1157,2,1,2,29,3,2
1158,2,1,2,29,5,5
1158,2,1,2,30,5,5
1159,2,1,2,29,6,5
1160,2,1,2,29,4,5
1161,2,1,2,15,4,2
1161,2,1,2,28,4,2
1162,2,1,2,10,8,3
1162,2,1,3,28,8,5
1163,2,1,2,28,4,4
1163,2,1,2,29,4,3
1164,2,1,2,32,4,5
1164,2,1,2,32,4,5
1164,2,1,3,28,4,5
1164,2,1,3,32,4,5
1165,2,1,2,7,5,5
1165,2,1,2,15,5,5
1165,2,1,2,22,5,5
1165,2,1,2,27,5,5
1165,2,1,2,28,5,5
1166,2,1,3,21,6,5
1166,2,1,3,24,6,5
1166,2,1,3,28,8,3
1167,2,1,2,28,4,2
1168,2,1,3,28,6,4
1169,2,1,3,27,4,5
1169,2,1,3,28,4,5
1169,2,1,3,31,4,5
1170,2,1,2,27,4,5
1170,2,1,2,28,4,5
1170,2,1,2,29,4,5
1170,2,1,2,30,4,5
1170,2,1,2,31,4,5
1171,2,1,2,27,5,5
1171,2,1,2,28,5,5
1172,2,1,3,27,4,5
1173,2,1,3,18,3,5
1173,2,1,3,19,3,5
1173,2,1,3,27,3,3
1174,2,1,2,27,3,5
1174,2,1,2,28,3,5
1174,2,1,2,29,3,5
1175,2,1,3,7,8,5
1175,2,1,3,20,8,2
1175,2,1,3,27,8,4
1176,2,1,2,2,9,3
1176,2,1,2,3,9,5
1176,2,1,2,9,9,5
1176,2,1,2,23,9,5
1176,2,1,2,27,9,5
1176,2,1,3,27,9,5
1177,2,1,2,27,6,3
1177,2,1,2,28,6,2
1177,2,1,2,29,6,4
1178,2,1,2,14,6,3
1178,2,1,2,27,6,3
1178,2,1,2,28,6,4
1178,2,1,3,11,6,2
1178,2,1,3,26,6,3
1179,2,1,3,26,4,4
1179,2,1,4,2,4,3
1180,2,1,2,26,4,5
1180,2,1,2,27,4,5
1181,2,1,2,10,9,2
1181,2,1,2,18,8,1
1181,2,1,3,20,8,1
1181,2,1,3,26,8,2
1182,2,1,3,25,5,4
1182,2,1,3,26,5,4
1183,2,1,3,25,7,5
1183,2,1,3,26,7,5
1184,2,1,3,25,4,2
1184,2,1,3,27,4,2
1185,2,1,2,10,7,1
1185,2,1,2,21,7,2
1185,2,1,3,25,7,5
1186,2,1,3,25,4,10
1187,2,1,3,24,4,5
1187,2,1,3,25,4,4
1188,2,1,2,13,4,1
1188,2,1,2,23,4,2
1188,2,1,2,24,4,3
1189,2,1,3,24,4,3
1189,2,1,3,26,4,4
1189,2,1,4,2,4,5
1189,2,1,4,4,4,5
1190,2,1,3,24,7,2
1191,2,1,3,20,5,5
1191,2,1,3,21,5,5
1191,2,1,3,24,5,5
1192,2,1,3,20,5,5
1192,2,1,3,21,5,5
1192,2,1,3,24,5,5
1193,2,1,2,22,4,1
1193,2,1,2,23,4,2
1193,2,1,3,15,4,3
1193,2,1,3,24,4,5
1194,2,1,2,23,9,5
1195,2,1,2,16,5,5
1195,2,1,2,23,5,5
1195,2,1,3,6,5,5
1195,2,1,3,14,6,5
1195,2,1,3,20,5,5
1195,2,1,4,23,5,5
1195,2,1,6,32,15,4
1196,2,1,2,23,4,5
1196,2,1,3,4,4,5
1196,2,1,3,30,4,5
1197,2,1,2,23,4,5
1198,2,1,2,23,8,5
1198,2,1,3,6,8,5
1199,2,1,2,23,5,4
1200,2,1,2,4,5,4
1200,2,1,3,3,5,3
1200,2,1,4,23,5,1
1201,2,1,2,7,6,5
1201,2,1,2,8,6,5
1201,2,1,2,14,6,5
1201,2,1,2,25,6,5
1201,2,1,3,15,6,5
1201,2,1,3,22,6,5
1202,2,1,6,22,13,5
1203,2,1,2,22,4,5
1204,2,1,2,22,4,3
1204,2,1,3,4,4,2
1204,2,1,3,12,4,2
1204,2,1,3,13,4,2
1204,2,1,3,25,4,3
1204,2,1,3,26,4,2
1204,2,1,3,27,4,2
1205,2,1,3,22,4,3
1205,2,1,3,24,4,4
1206,2,1,2,22,4,2
1207,2,1,2,22,4,5
1208,2,1,2,21.2223,5,5
1208,2,1,3,12,5,5
1209,2,1,3,21,11,1
1209,2,1,3,28,11,2
1210,2,1,2,21,4,5
1211,2,1,2,21,4,1
1211,2,1,2,22,4,2
1212,2,1,2,21,6,5
1212,2,1,3,4,6,5
1213,2,1,2,21,3,4
1213,2,1,3,11,3,3
1214,2,1,2,21,11,5
1215,2,1,2,21,4,5
1216,2,1,2,21,4,3
1216,2,1,2,22,4,2
1216,2,1,2,24,4,3
1216,2,1,2,25,4,3
1217,2,1,2,21,4,5
1217,2,1,2,22,4,5
1217,2,1,3,5,4,5
1217,2,1,3,6,4,5
1217,2,1,3,8,4,5
1218,2,1,3,21,6,5
1218,2,1,4,8,6,3
1219,2,1,2,20,7,4
1219,2,1,2,21,7,3
1219,2,1,2,22,7,2
1220,2,1,2,20,10,1
1221,2,1,3,19,4,1
1221,2,1,3,20,4,3
1222,2,1,3,20,4,5
1223,2,1,3,20,10,1
1224,2,1,2,9,7,5
1224,2,1,2,16,7,5
1224,2,1,2,30,7,5
1224,2,1,3,6,7,5
1224,2,1,3,20,7,5
1225,2,1,3,20,4,5
1225,2,1,3,21,4,5
1226,2,1,2,28,4,3
1226,2,1,2,29,4,1
1226,2,1,3,19,6,5
1226,2,1,3,20,6,4
1227,2,1,2,20,4,5
1228,2,1,2,2,9,2
1228,2,1,3,6,9,1
1228,2,1,3,20,9,2
1229,2,1,3,20,4,5
1230,2,1,3,20,4,5
1231,2,1,2,20,4,5
1232,2,1,3,20,4,2
1233,2,1,3,16,3,5
1233,2,1,3,17,3,5
1233,2,1,3,18,3,5
1233,2,1,3,19,3,5
1233,2,1,3,20,3,5
1234,2,1,3,20,4,5
1235,2,1,4,20,5,3
1236,2,1,3,20,4,5
1237,2,1,3,19,5,5
1238,2,1,3,19,6,2
1239,2,1,3,19,4,18
1239,2,1,3,26,4,23
1239,2,1,4,9,4,5
1239,2,1,4,16,4,12
1240,2,1,3,19,4,5
1241,2,1,2,19,4,3
1241,2,1,2,21,4,4
1241,2,1,2,22,4,3
1242,2,1,3,19,9,1
1243,2,1,3,19,4,4
1244,2,1,3,3,9,2
1244,2,1,3,19,9,2
1245,2,1,2,22,4,4
1245,2,1,3,6,4,2
1245,2,1,3,19,4,3
1246,2,1,3,19,7,5
1246,2,1,4,2,7,5
1247,2,1,3,19,4,5
1247,2,1,3,20,4,5
1248,2,1,2,5,4,5
1248,2,1,2,19,4,4
1249,2,1,2,19,10,15
1250,2,1,2,6,4,5
1250,2,1,2,21,4,5
1250,2,1,3,18,4,5
1251,2,1,3,18,15,4
1252,2,1,2,18,5,2
1252,2,1,3,10,5,3
1253,2,1,3,18,10,2
1254,2,1,2,18,4,4
1255,2,1,3,18,4,5
1255,2,1,3,19,4,5
1256,2,1,2,2,5,4
1256,2,1,3,18,5,3
1257,2,1,2,2,7,3
1257,2,1,2,17,7,3
1258,2,1,2,2,5,2
1258,2,1,2,3,5,5
1258,2,1,2,7,5,5
1258,2,1,2,10,5,5
1258,2,1,2,15,5,5
1258,2,1,2,16,5,5
1258,2,1,2,17,5,3
1259,2,1,2,17,7,5
1260,2,1,2,9,8,1
1260,2,1,2,10,8,2
1260,2,1,2,14,7,2
1260,2,1,2,15,7,3
1260,2,1,2,16,8,2
1260,2,1,2,17,8,4
1261,2,1,2,17,8,2
1262,2,1,2,15,10,1
1262,2,1,2,16,10,1
1263,2,1,2,16,8,5
1264,2,1,2,16,8,2
1265,2,1,3,16,3,4
1265,2,1,3,17,3,4
1265,2,1,3,18,3,4
1265,2,1,3,19,3,1
1266,2,1,2,15,4,2
1266,2,1,2,16,4,5
1267,2,1,2,16,4,5
1268,2,1,2,16,4,5
1268,2,1,3,5,4,5
1268,2,1,3,19,4,5
1269,2,1,3,16,5,4
1270,2,1,2,15,7,3
1270,2,1,2,16,8,4
1271,2,1,2,16,8,3
1271,2,1,3,13,8,1
1272,2,1,2,16,9,1
1273,2,1,2,16,4,5
1274,2,1,2,2,9,2
1274,2,1,2,16,9,2
1275,2,1,2,16,15,3
1276,2,1,2,16,4,2
1277,2,1,2,16,4,5
1277,2,1,3,32,4,4
1278,2,1,2,16,4,10
1279,2,1,2,15,4,5
1279,2,1,2,16,4,5
1280,2,1,3,16,4,4
1280,2,1,3,32,4,2
1281,2,1,2,16,8,5
1281,2,1,2,17,8,5
1281,2,1,2,23,8,5
1281,2,1,2,24,8,5
1281,2,1,2,30,8,5
1281,2,1,2,31,8,5
1282,2,1,2,16,4,3
1282,2,1,4,2,4,5
1283,2,1,3,16,15,2
1283,2,1,3,17,15,2
1284,2,1,2,15,10,2
1284,2,1,2,16,10,2
1285,2,1,2,15,4,2
1285,2,1,2,18,4,3
1285,2,1,2,19,4,3
1285,2,1,2,20,4,2
1285,2,1,2,21,4,1
1286,2,1,3,15,12,2
1287,2,1,2,15,6,3
1288,2,1,2,15,4,4
1288,2,1,2,16,4,5
1288,2,1,3,32,4,4
1288,2,1,3,32,4,5
1289,2,1,2,15,6,4
1289,2,1,2,22,6,3
1289,2,1,3,11,6,2
1289,2,1,4,1,6,2
1290,2,1,2,7,6,2
1290,2,1,2,10,6,4
1290,2,1,3,15,6,4
1291,2,1,3,15,11,8
1292,2,1,2,10,5,4
1292,2,1,2,14,5,5
1292,2,1,2,15,5,4
1293,2,1,2,15,4,5
1293,2,1,2,16,4,5
1293,2,1,2,17,4,5
1294,2,1,2,15,4,5
1294,2,1,2,29,4,4
1294,2,1,3,12,4,5
1295,2,1,2,15,6,3
1296,2,1,2,15,4,5
1297,2,1,2,15,4,2
1298,2,1,2,15,4,5
1298,2,1,2,16,4,5
1299,2,1,2,15,7,5
1300,2,1,2,15,4,4
1300,2,1,3,12,4,4
1300,2,1,3,26,4,4
1301,2,1,3,15,10,2
1302,2,1,2,15,10,3
1302,2,1,3,12,10,2
1302,2,1,3,13,10,4
1303,2,1,2,15,4,4
1303,2,1,2,16,4,3
1303,2,1,2,17,4,4
1303,2,1,2,20,4,4
1303,2,1,2,21,4,5
1304,2,1,2,15,9,4
1305,2,1,2,15,7,10
1306,2,1,2,15,4,5
1306,2,1,2,16,4,5
1306,2,1,2,16,4,5
1306,2,1,2,21,4,5
1307,2,1,2,15,4,5
1308,2,1,2,15,8,5
1308,2,1,3,5,8,3
1309,2,1,2,15,5,4
1310,2,1,3,15,4,8
1310,2,1,3,28,4,6
1311,2,1,2,15,6,5
1312,2,1,2,15,4,5
1313,2,1,2,15,4,4
1313,2,1,3,26,4,4
1313,2,1,4,2,4,4
1314,2,1,2,14,4,4
1314,2,1,3,15,4,4
1315,2,1,2,15,4,10
1316,2,1,2,15,4,5
1316,2,1,4,8,4,3
1317,2,1,3,15,4,5
1317,2,1,3,16,3,4
1317,2,1,3,18,3,7
1318,2,1,2,15,4,10
1319,2,1,2,15,4,5
1319,2,1,3,4,4,5
1320,2,1,2,14,7,5
1321,2,1,2,14,4,5
1321,2,1,2,28,4,4
1322,2,1,3,14,4,2
1323,2,1,2,12,3,3
1323,2,1,3,7,3,2
1323,2,1,4,14,3,2
1324,2,1,2,14,5,5
1324,2,1,2,15,5,5
1324,2,1,2,16,5,5
1324,2,1,2,23,5,3
1325,2,1,2,14,8,1
1326,2,1,3,14,4,2
1327,2,1,2,5,6,5
1327,2,1,2,14,6,5
1327,2,1,2,16,6,5
1327,2,1,2,17,6,5
1327,2,1,2,21,6,5
1328,2,1,2,14,10,11
1329,2,1,2,13,5,2
1330,2,1,2,13,7,2
1331,2,1,3,13,4,1
1332,2,1,3,13,9,1
1333,2,1,2,13,4,5
1333,2,1,3,8,4,2
1333,2,1,4,9,4,4
1334,2,1,2,13,3,1
1334,2,1,2,14,3,5
1334,2,1,2,15,3,2
1335,2,1,3,13,9,3
1335,2,1,3,20,9,2
1336,2,1,2,12,2,5
1337,2,1,2,12,4,4
1337,2,1,3,3,4,6
1338,2,1,2,12,3,5
1338,2,1,2,13,3,5
1338,2,1,2,14,3,5
1339,2,1,3,12,4,4
1340,2,1,2,12,7,5
1341,2,1,3,12,4,4
1342,2,1,2,12,5,3
1342,2,1,3,13,5,2
1343,2,1,3,12,6,2
1344,2,1,2,16,4,5
1344,2,1,2,22,4,4
1344,2,1,3,12,4,4
1345,2,1,3,12,6,3
1346,2,1,3,11,4,3
1346,2,1,3,12,4,3
1347,2,1,3,12,4,2
1348,2,1,3,12,6,3
1349,2,1,2,12,6,2
1350,2,1,3,12,4,4
1351,2,1,2,9,6,5
1351,2,1,3,11,6,5
1351,2,1,3,12,6,5
1352,2,1,3,7,4,4
1352,2,1,3,11,4,4
1353,2,1,3,11,3,5
1354,2,1,3,11,4,2
1355,2,1,3,11,3,5
1355,2,1,3,12,3,3
1356,2,1,2,11,12,3
1357,2,1,2,8,5,1
1357,2,1,3,11,3,5
1358,2,1,3,10,4,5
1358,2,1,3,11.13,4,15
1359,2,1,2,10,8,3
1360,2,1,2,8,7,3
1360,2,1,2,10,7,4
1361,2,1,2,10,7,5
1361,2,1,2,14,7,3
1362,2,1,2,10,8,1
1363,2,1,3,10,4,3
1364,2,1,2,9,8,2
1364,2,1,2,10,8,3
1365,2,1,2,2,4,1
1365,2,1,3,10,5,5
1366,2,1,2,10,8,2
1367,2,1,3,10,6,2
1368,2,1,2,10,5,2
1369,2,1,3,9,4,2
1369,2,1,3,10,4,1
1370,2,1,2,9,9,5
1370,2,1,2,10,9,4
1370,2,1,2,16,9,5
1370,2,1,2,24,9,5
1370,2,1,3,28,9,2
1370,2,1,4,24,9,2
1371,2,1,2,7,6,5
1371,2,1,2,8,6,2
1371,2,1,2,9,6,5
1372,2,1,3,9,4,1
1373,2,1,2,8,6,4
1373,2,1,2,9,6,2
1374,2,1,2,9,5,2
1375,2,1,2,7,4,4
1375,2,1,2,8,4,2
1375,2,1,2,9,4,1
1375,2,1,2,9,4,3
1376,2,1,2,8,3,1
1376,2,1,2,9,3,2
1377,2,1,2,8,3,5
1378,2,1,2,8,6,5
1379,2,1,2,8,6,4
1379,2,1,2,9,6,4
1380,2,1,2,8,6,2
1380,2,1,3,7,6,3
1381,2,1,2,8,6,3
1381,2,1,3,19,6,2
1382,2,1,2,8,6,5
1382,2,1,2,9,6,5
1382,2,1,2,22,6,5
1382,2,1,3,5,6,5
1382,2,1,3,6,6,5
1383,2,1,2,8,8,10
1383,2,1,3,6,8,2
1384,2,1,2,1,4,8
1384,2,1,2,8,4,8
1384,2,1,2,15,4,5
1384,2,1,2,22,4,8
1384,2,1,2,29,4,5
1384,2,1,2,29,4,5
1385,2,1,3,8,4,3
1386,2,1,3,24,5,3
1386,2,1,3,25,5,4
1386,2,1,4,1,5,5
1386,2,1,4,2,5,2
1386,2,1,4,7,5,5
1386,2,1,4,8,5,5
1387,2,1,2,8,6,2
1388,2,1,2,8,7,2
1389,2,1,2,8,6,5
1389,2,1,2,9,5,5
1390,2,1,2,7,5,3
1390,2,1,3,32,5,2
1391,2,1,2,7,3,10
1392,2,1,2,7,3,5
1393,2,1,2,7,6,5
1394,2,1,2,7,10,2
1394,2,1,2,8,10,1
1394,2,1,3,7,10,1
1394,2,1,3,12,10,1
1395,2,1,2,1,3,3
1395,2,1,2,7,3,1
1396,2,1,2,7,5,4
1397,2,1,2,7,8,5
1398,2,1,2,22,4,5
1398,2,1,3,15,4,5
1398,2,1,3,22,4,5
1398,2,1,4,7,4,3
1399,2,1,2,7,6,5
1399,2,1,2,8,6,5
1400,2,1,3,7,4,5
1400,2,1,3,11,4,5
1401,2,1,2,7,4,5
1401,2,1,3,4,3,5
1401,2,1,4,4,3,5
1402,2,1,2,7,6,5
1403,2,1,2,7,3,4
1404,2,1,4,3,6,5
1404,2,1,4,4,5,4
1404,2,1,4,7,5,5
1405,2,1,2,7,10,1
1406,2,1,2,7,5,3
1407,2,1,2,7,6,4
1407,2,1,2,8,6,5
1407,2,1,3,18,10,5
1407,2,1,3,19,10,5
1408,2,1,2,6,5,4
1408,2,1,2,7,5,5
1408,2,1,2,7,5,5
1409,2,1,2,6,6,5
1409,2,1,3,5,5,5
1410,2,1,2,6,6,4
1410,2,1,2,7,6,3
1410,2,1,2,8,6,2
1410,2,1,2,9,6,3
1410,2,1,3,4,6,3
1410,2,1,3,5,6,3
1410,2,1,3,6,6,2
1411,2,1,2,6,6,5
1411,2,1,2,7,6,5
1411,2,1,2,8,6,5
1411,2,1,2,8,6,5
1411,2,1,2,29,6,5
1411,2,1,3,12,6,5
1411,2,1,3,26,6,5
1412,2,1,3,6,4,4
1412,2,1,3,9,4,2
1412,2,1,3,10,4,4
1412,2,1,3,11,4,3
1412,2,1,3,12,4,2
1413,2,1,2,6,5,3
1414,2,1,3,5,4,4
1415,2,1,2,5,5,5
1416,2,1,4,5,13,4
1417,2,1,2,5,5,5
1417,2,1,2,7,5,3
1417,2,1,3,10,5,5
1418,2,1,3,5,4,3
1419,2,1,2,5,6,3
1419,2,1,2,6,6,2
1419,2,1,4,2,6,3
1420,2,1,3,5,4,2
1421,2,1,2,5,2,1
1422,2,1,3,5,5,2
1423,2,1,2,5,7,3
1423,2,1,2,15,7,5
1423,2,1,3,11,7,5
1424,2,1,2,5,6,4
1425,2,1,2,2,5,2
1425,2,1,3,5,5,3
1426,2,1,3,3,4,5
1426,2,1,3,4,4,5
1426,2,1,3,5,4,5
1427,2,1,3,5,7,2
1428,2,1,2,5,6,2
1429,2,1,3,5,2,5
1430,2,1,2,5,1,5
1431,2,1,3,5,6,5
1432,2,1,2,9,5,5
1432,2,1,2,10,5,2
1432,2,1,2,28,5,3
1432,2,1,3,6,5,4
1432,2,1,3,7,5,3
1432,2,1,3,12,5,1
1432,2,1,3,27,5,5
1432,2,1,4,2,5,4
1432,2,1,4,3,5,4
1432,2,1,4,4,5,2
1433,2,1,2,4,7,5
1433,2,1,2,31,7,5
1433,2,1,3,15,7,5
1433,2,1,4,5,7,5
1434,2,1,2,4,7,1
1434,2,1,3,19,4,6
1435,2,1,2,4,5,2
1436,2,1,2,4,6,5
1437,2,1,2,4,5,3
1438,2,1,3,4,4,4
1439,2,1,3,4,7,2
1440,2,1,2,4,10,2
1441,2,1,3,3,4,2
1441,2,1,3,4,4,2
1442,2,1,4,2,4,5
1442,2,1,4,3,4,5
1442,2,1,4,4,4,5
1443,2,1,2,3,2,5
1443,2,1,3,18,2,5
1443,2,1,3,19,2,5
1443,2,1,3,26,2,5
1443,2,1,4,4,2,5
1443,2,1,4,15,2,5
1443,2,1,4,16,2,5
1443,2,1,4,25,2,5
1444,2,1,2,4,5,4
1445,2,1,3,4,4,2
1445,2,1,3,5,4,3
1445,2,1,3,6,4,1
1446,2,1,2,4,5,3
1446,2,1,2,5,5,2
1447,2,1,2,4,6,5
1447,2,1,2,5,6,4
1447,2,1,4,1,6,4
1448,2,1,2,32,5,5
1448,2,1,2,32,5,5
1448,2,1,3,32,5,5
1448,2,1,4,4,5,5
1448,2,1,6,32,5,5
1449,2,1,2,4,6,4
1450,2,1,2,4,5,2
1451,2,1,3,4,6,5
1452,2,1,2,4,5,4
1453,2,1,4,4,10,20
1454,2,1,3,32,4,5
1454,2,1,3,32,4,5
1454,2,1,3,32,4,5
1454,2,1,4,4,4,5
1455,2,1,2,4,9,4
1456,2,1,2,4,5,5
1456,2,1,4,3,6,5
1457,2,1,3,4,4,2
1457,2,1,3,11,4,1
1457,2,1,3,12,4,1
1458,2,1,2,4,7,5
1459,2,1,2,4,9,3
1460,2,1,3,4,7,3
1460,2,1,3,10,7,2
1461,2,1,2,3,5,5
1462,2,1,4,2,4,5
1462,2,1,4,3,4,5
1463,2,1,4,3,4,5
1463,2,1,4,4,4,5
1464,2,1,3,3,6,4
1464,2,1,3,6,6,3
1464,2,1,3,17,6,4
1464,2,1,3,18,6,3
1465,2,1,2,1,10,1
1465,2,1,2,3,10,2
1466,2,1,3,3,5,3
1467,2,1,4,3,4,4
1468,2,1,2,3,4,3
1469,2,1,2,1,3,4
1469,2,1,2,2,3,5
1469,2,1,2,3,3,4
1470,2,1,2,3,10,4
1471,2,1,4,3,4,3
1472,2,1,3,3,9,1
1473,2,1,2,3,6,3
1474,2,1,2,3,4,3
1475,2,1,2,17,4,1
1475,2,1,2,30,4,5
1475,2,1,3,6,4,5
1475,2,1,3,10,4,5
1475,2,1,3,11,4,5
1475,2,1,3,31,4,5
1475,2,1,4,1,4,5
1475,2,1,4,2,4,5
1475,2,1,4,3,4,5
1476,2,1,2,3,4,3
1476,2,1,2,4,4,3
1477,2,1,3,3,4,2
1477,2,1,3,4,4,1
1477,2,1,3,5,4,1
1478,2,1,4,3,4,5
1479,2,1,2,5,6,5
1479,2,1,3,3,5,5
1479,2,1,3,7,10,3
1480,2,1,2,3,8,4
1481,2,1,3,3,10,2
1481,2,1,3,15,10,3
1481,2,1,4,1,10,1
1482,2,1,2,3,5,1
1482,2,1,3,3,5,1
1483,2,1,2,3,6,5
1484,2,1,2,3,7,3
1484,2,1,2,13,7,4
1484,2,1,2,20,7,5
1485,2,1,3,5,4,5
1485,2,1,3,32,4,5
1485,2,1,3,32,4,5
1485,2,1,4,3,4,5
1486,2,1,3,3,7,3
1487,2,1,2,29,4,5
1487,2,1,2,30,4,5
1487,2,1,3,19,4,5
1487,2,1,3,20,4,4
1487,2,1,4,1,4,5
1487,2,1,4,2,4,5
1487,2,1,4,3,4,4
1488,2,1,2,3,5,5
1488,2,1,2,10,5,5
1488,2,1,2,14,5,3
1488,2,1,2,16,5,5
1488,2,1,2,16,5,5
1488,2,1,2,21,5,5
1488,2,1,2,22,5,5
1488,2,1,2,28,5,5
1488,2,1,3,7,5,5
1488,2,1,3,11,5,5
1488,2,1,3,12,5,5
1488,2,1,3,14,5,5
1488,2,1,3,24,5,5
1488,2,1,3,31,5,5
1488,2,1,4,1,5,5
1488,2,1,4,2,5,5
1489,2,1,2,2,3,3
1490,2,1,2,2,9,3
1490,2,1,2,9,9,2
1490,2,1,3,32,9,1
1490,2,1,3,32,9,1
1491,2,1,2,2,4,2
1492,2,1,2,11,5,5
1492,2,1,2,17,5,5
1492,2,1,3,18,5,5
1492,2,1,3,25,5,4
1492,2,1,4,2,5,5
1493,2,1,2,5,7,5
1493,2,1,2,22,7,5
1493,2,1,3,5,7,5
1493,2,1,3,23,7,5
1493,2,1,4,2,7,5
1494,2,1,2,2,8,5
1495,2,1,2,15,4,5
1495,2,1,3,19,4,5
1495,2,1,4,2,5,4
1496,2,1,3,2,4,2
1497,2,1,2,1,5,4
1497,2,1,2,2,5,4
1498,2,1,2,2,3,5
1499,2,1,4,2,4,5
1499,2,1,4,4,4,5
1500,2,1,4,2,4,2
1500,2,1,4,3,4,5
1500,2,1,4,4,4,2
1501,2,1,3,26,6,3
1501,2,1,4,2,6,3
1502,2,1,4,2,4,5
1502,2,1,4,3,4,5
1503,2,1,2,2,8,2
1504,2,1,2,2,5,2
1504,2,1,2,8,5,3
1504,2,1,2,15,5,4
1505,2,1,2,2,6,3
1505,2,1,2,3,6,4
1505,2,1,4,1,6,2
1505,2,1,4,2,6,5
1506,2,1,2,2,5,5
1507,2,1,3,27,4,4
1507,2,1,4,2,4,4
1508,2,1,2,2,6,3
1508,2,1,2,3,6,2
1509,2,1,2,2,5,5
1510,2,1,2,15,4,5
1510,2,1,3,12,4,5
1510,2,1,4,2,4,4
1511,2,1,3,2,15,2
1512,2,1,2,2,9,2
1513,2,1,2,2,2,5
1514,2,1,2,1,6,4
1514,2,1,3,12,6,4
1514,2,1,4,2,6,4
1515,2,1,2,2,10,1
1516,2,1,2,30,6,5
1516,2,1,4,2,6,5
1517,2,1,4,2,6,1
1518,2,1,2,2,6,2
1518,2,1,2,9,6,1
1519,2,1,2,2,6,5
1520,2,1,2,1,7,1
1521,2,1,2,1,7,4
1521,2,1,3,5,7,4
1521,2,1,4,2,7,4
1522,2,1,2,1,15,5
1523,2,1,2,1,6,5
1524,2,1,2,15,4,4
1524,2,1,3,27,4,4
1524,2,1,4,1,4,5
1525,2,1,2,1,5,5
1526,2,1,2,1,5,3
1527,2,1,4,1,4,4
1528,2,1,2,1,6,4
1528,2,1,2,2,6,4
1528,2,1,2,8,6,4
1528,2,1,2,9,6,4
1528,2,1,2,14,6,4
1528,2,1,3,4,6,3
1528,2,1,3,5,6,4
1528,2,1,3,26,6,4
1529,2,1,2,1,5,5
1530,2,1,4,1,4,3
1531,2,1,2,1,7,5
1531,2,1,2,2,7,5
1531,2,1,2,3,7,5
1532,2,1,2,1,5,5
1532,2,1,2,2,5,5
1532,2,1,2,8,5,5
1532,2,1,2,9,5,5
1532,2,1,3,19,5,5
1532,2,1,3,20,5,5
1533,2,1,2,32,4,4
1533,2,1,3,32,4,4
1533,2,1,4,1,4,4
1534,2,1,2,32,3,5
1534,2,1,2,32,3,5
1534,2,1,3,32,3,5
1534,2,1,4,1,3,4
1535,2,1,2,1,7,5
1535,2,1,3,6,8,4
1536,2,1,2,1,12,2
1537,2,1,2,1,9,1
1537,2,1,2,2,9,1
1538,2,1,2,1,7,5
1539,2,1,2,1,6,4
1539,2,1,2,2,6,3
1540,2,1,2,19,4,5
1540,2,1,2,20,4,5
1540,2,1,2,26,4,5
1540,2,1,2,27,4,5
1540,2,1,2,28,4,5
1540,2,1,3,1,4,5
1541,2,1,2,1,6,5
1541,2,1,2,2,6,6
1542,2,1,2,1,3,5
1543,2,1,4,1,3,5
1543,2,1,4,2,3,5
3274,2,1,2,1,3,4
3274,2,1,2,17,5,1
3275,2,1,2,32,3,1
3276,2,1,3,32,15,4
3277,2,1,3,32,3,5
3277,2,1,4,32,3,5
3278,2,1,6,32,15,2
3279,2,1,6,32,15,3
3280,2,1,3,32,4,5
3280,2,1,4,32,4,5
3281,2,1,2,32,7,3
3282,2,1,2,32,4,5
3282,2,1,3,32,4,4
3282,2,1,4,32,4,4
3283,2,1,4,32,4,4
3284,2,1,4,32,4,1
3285,2,1,6,32,8,4
3286,2,1,2,32,4,2
3286,2,1,3,32,4,2
3287,2,1,2,32,8,4
3287,2,1,3,4,8,4
3287,2,1,3,32,8,3
3288,2,1,2,32,6,4
3288,2,1,4,32,6,4
3289,2,1,2,32,4,4
3290,2,1,2,32,4,4
3291,2,1,6,32,15,4
3292,2,1,4,32,5,4
3293,2,1,6,32,4,4
3294,2,1,2,32,6,2
3294,2,1,3,32,5,1
3295,2,1,6,32,5,4
3296,2,1,3,32,8,5
3296,2,1,6,32,8,4
3296,2,1,6,32,8,4
3296,2,1,6,32,8,32
3297,2,1,2,32,3,1
3298,2,1,2,32,6,5
3299,2,1,6,32,10,5
3300,2,1,4,32,7,1
3301,2,1,3,4,5,4
3301,2,1,3,32,5,2
3302,2,1,2,32,3,4
3303,2,1,2,32,4,3
3303,2,1,4,32,4,4
3304,2,1,4,32,4,5
3305,2,1,3,32,15,4
3305,2,1,3,32,15,4
3305,2,1,6,32,7,3
3306,2,1,2,32,4,5
3306,2,1,3,32,4,5
3306,2,1,4,32,4,5
3307,2,1,2,32,9,2
3308,2,1,4,32,6,40
3309,2,1,2,32,5,15
3309,2,1,3,32,5,15
3310,2,1,2,32,6,5
3310,2,1,3,32,6,4
3311,2,1,2,32,15,2
3312,2,1,2,32,8,4
3312,2,1,2,32,8,5
3312,2,1,2,32,8,5
3312,2,1,3,32,8,4
3312,2,1,3,32,8,5
3313,2,1,2,32,5,5
3314,2,1,3,32,6,5
3314,2,1,3,32,6,5
3314,2,1,3,32,6,5
3315,2,1,2,5,6,4
3315,2,1,2,32,6,4
3315,2,1,3,4,6,4
3315,2,1,3,32,6,5
3316,2,1,2,32,15,4
3317,2,1,2,32,6,4
3318,2,1,3,32,4,5
3319,2,1,3,32,9,1
3319,2,1,3,32,9,2
3319,2,1,3,32,9,2
3320,2,1,2,32,5,1
3320,2,1,2,32,5,1
3320,2,1,3,32,5,4
3320,2,1,4,32,5,6
3321,2,1,2,32,9,1
3322,2,1,2,32,8,5
3322,2,1,3,32,8,4
3323,2,1,3,32,10,1
3324,2,1,6,32,4,4
3325,2,1,3,12,6,5
3325,2,1,3,32,6,1
3325,2,1,4,2,6,2
3326,2,1,2,32,4,2
3327,2,1,2,32,10,2
3328,2,1,2,32,6,5
3328,2,1,3,32,6,5
3328,2,1,4,32,6,4
3329,2,1,4,32,4,10
3330,2,1,2,32,4,1
3330,2,1,3,32,4,1
3330,2,1,3,32,4,2
3331,2,1,2,32,8,5
3331,2,1,2,32,8,5
3331,2,1,3,32,8,5
3331,2,1,3,32,8,5
3332,2,1,2,32,10,1
3333,2,1,3,32,4,10
3334,2,1,2,32,5,5
3335,2,1,4,32,15,4
3336,2,1,2,32,15,5
3337,2,1,3,32,5,2
3338,2,1,2,32,9,20
3339,2,1,2,32,4,2
3339,2,1,3,32,4,2
3340,2,1,2,32,4,5
3340,2,1,3,32,4,5
3341,2,1,3,32,6,4
3341,2,1,6,32,6,4
3342,2,1,2,32,7,2
3342,2,1,3,2,7,2
3343,2,1,2,32,5,5
3343,2,1,3,32,5,5
3344,2,1,3,32,3,2
3344,2,1,3,32,3,3
3344,2,1,4,32,3,4
3344,2,1,4,32,3,4
3344,2,1,4,32,3,5
3345,2,1,4,32,4,32
3346,2,1,2,32,3,4
3346,2,1,2,32,3,4
3346,2,1,2,32,3,4
3347,2,1,2,32,4,4
3348,2,1,3,32,4,4
3349,2,1,2,32,13,4
3350,2,1,2,32,10,2
3350,2,1,2,32,10,4
3351,2,1,2,32,9,1
3351,2,1,2,32,9,2
3351,2,1,3,32,9,2
3352,2,1,4,32,4,1
3352,2,1,4,32,4,2
3352,2,1,4,32,4,3
3352,2,1,4,32,4,5
3352,2,1,4,32,4,5
3353,2,1,6,32,3,4
3354,2,1,2,32,5,4
3354,2,1,2,32,5,5
3355,2,1,2,32,6,5
3356,2,1,2,32,7,4
3357,2,1,3,32,6,4
3358,2,1,3,32,9,2
3359,2,1,2,4,6,4
3359,2,1,3,32,6,4
3360,2,1,2,32,4,4
3361,2,1,3,32,6,4
3362,2,1,3,32,4,5
3363,2,1,3,32,8,5
3364,2,1,2,32,6,4
3365,2,1,6,32,4,2
3366,2,1,3,32,15,2
3366,2,1,3,32,9,2
3367,2,1,2,32,7,4
3367,2,1,3,32,5,4
3368,2,1,2,31,4,5
3368,2,1,3,31,4,5
3369,2,1,3,31,3,4
3370,2,1,2,20,5,5
3370,2,1,2,21,5,5
3370,2,1,2,22,5,3
3370,2,1,2,23,5,4
3370,2,1,2,27,5,3
3370,2,1,2,28,5,1
3370,2,1,2,29,5,1
3371,2,1,2,28,7,5
3372,2,1,3,5,4,2
3372,2,1,3,6,4,2
3372,2,1,3,7,4,3
3372,2,1,3,26,4,3
3372,2,1,3,27,4,4
3373,2,1,3,10,4,5
3373,2,1,3,20,4,4
3373,2,1,4,27,4,5
3374,2,1,3,21,15,3
3375,2,1,2,29,4,3
3375,2,1,2,30,4,2
3375,2,1,2,31,4,5
3375,2,1,3,19,4,5
3375,2,1,3,20,4,5
3375,2,1,3,21,4,5
3376,2,1,2,28,4,2
3376,2,1,2,29,4,5
3376,2,1,3,18,4,3
3376,2,1,3,19,4,5
3376,2,1,3,20,4,5
3376,2,1,3,21,4,5
3377,2,1,2,20,5,5
3377,2,1,2,21,5,2
3378,2,1,2,21,4,5
3379,2,1,2,3,12,3
3379,2,1,2,3,12,3
3379,2,1,2,20,4,3
3379,2,1,2,20,4,3
3380,2,1,2,20,4,4
3380,2,1,2,21,4,5
3380,2,1,2,22,4,5
3381,2,1,2,4,10,5
3381,2,1,3,20,10,5
3382,2,1,2,20,4,5
3383,2,1,3,19,4,3
3383,2,1,3,20,4,5
3384,2,1,3,18,4,5
3384,2,1,4,32,4,5
3384,2,1,4,32,4,5
3385,2,1,3,17,10,2
3385,2,1,3,18,10,2
3386,2,1,2,17,1,4
3387,2,1,2,1,7,5
3387,2,1,2,2,8,5
3387,2,1,2,9,8,5
3387,2,1,2,16,8,5
3388,2,1,2,15,4,5
3388,2,1,2,16,4,5
3389,2,1,2,16,8,4
3390,2,1,2,2,8,5
3390,2,1,2,5,8,5
3390,2,1,2,16,7,5
3391,2,1,3,16,4,25
3392,2,1,2,15,4,4
3393,2,1,2,6,7,5
3393,2,1,2,7,7,5
3393,2,1,2,8,7,5
3393,2,1,2,9,7,5
3393,2,1,2,9,7,5
3393,2,1,2,10,7,5
3393,2,1,2,13,7,5
3393,2,1,2,14,7,5
3393,2,1,2,15,7,5
3394,2,1,2,15,4,3
3394,2,1,3,18,4,2
3394,2,1,3,27,4,3
3395,2,1,2,15,7,1
3396,2,1,2,15,4,5
3396,2,1,3,15,4,5
3396,2,1,4,15,4,5
3397,2,1,2,15,6,5
3398,2,1,3,17,4,15
3398,2,1,4,14,4,15
3399,2,1,2,14,4,3
3400,2,1,2,13,7,2
3401,2,1,2,13,8,3
3402,2,1,3,12,7,5
3403,2,1,4,12,3,4
3403,2,1,4,12,3,5
3404,2,1,2,28,4,5
3404,2,1,2,29,4,5
3404,2,1,3,11,4,1
3405,2,1,2,1,5,4
3405,2,1,3,10,4,4
3406,2,1,3,10,4,4
3407,2,1,2,10,4,1
3408,2,1,2,10,3,6
3408,2,1,3,10,3,4
3408,2,1,3,30,3,1
3409,2,1,2,13,5,1
3409,2,1,3,10,5,4
3410,2,1,4,10,4,1
3411,2,1,2,32,4,4
3411,2,1,2,32,4,4
3411,2,1,2,32,4,4
3411,2,1,3,9,4,2
3411,2,1,3,32,4,4
3412,2,1,2,8,6,2
3413,2,1,2,16,4,5
3413,2,1,2,16,4,5
3413,2,1,2,17,4,5
3413,2,1,3,8,8,1
3414,2,1,3,8,7,10
3415,2,1,2,7.891522,10,4
3415,2,1,3,19,10,4
3415,2,1,4,12,10,4
3415,2,1,6,1,10,1
3416,2,1,2,7,5,5
3416,2,1,2,8,5,5
3417,2,1,2,6,3,4
3417,2,1,2,7,3,1
3418,2,1,2,7,7,2
3418,2,1,2,17,7,3
3418,2,1,3,4,7,1
3419,2,1,6,7,7,5
3420,2,1,3,7,6,5
3421,2,1,2,7,7,5
3421,2,1,2,8,7,5
3421,2,1,2,9,7,5
3421,2,1,2,10,7,4
3422,2,1,2,6,7,1
3422,2,1,2,25,8,5
3423,2,1,3,5,8,5
3424,2,1,3,4,4,5
3424,2,1,3,5,4,5
3425,2,1,2,5,3,5
3425,2,1,2,13,6,5
3426,2,1,2,5,6,5
3426,2,1,4,2,10,2
3427,2,1,2,5,4,4
3428,2,1,3,5,7,1
3429,2,1,3,5,5,6
3430,2,1,2,5,6,2
3430,2,1,2,10,7,5
3430,2,1,3,28,7,5
3431,2,1,2,5,4,5
3432,2,1,2,4,7,4
3432,2,1,2,5,7,5
3433,2,1,2,4,3,5
3434,2,1,2,4,3,5
3435,2,1,2,4,5,4
3436,2,1,4,2,3,1
3436,2,1,4,3,3,2
3436,2,1,4,4,3,2
3437,2,1,2,4,6,3
3437,2,1,2,5,6,4
3438,2,1,2,4,5,2
3438,2,1,2,5,5,3
3439,2,1,2,32,7,2
3439,2,1,2,32,7,3
3439,2,1,3,15,7,5
3439,2,1,4,4,7,5
3440,2,1,2,4,12,3
3441,2,1,2,4,10,5
3441,2,1,3,19,10,5
3442,2,1,2,4,3,5
3442,2,1,2,5,3,5
3443,2,1,4,3,11,5
3443,2,1,4,4,4,5
3444,2,1,3,3,5,2
3444,2,1,4,1,5,1
3445,2,1,2,3,4,3
3446,2,1,2,3,5,5
3446,2,1,2,32,5,5
3447,2,1,3,3,6,3
3447,2,1,3,10,6,5
3447,2,1,3,11,6,3
3447,2,1,3,17,6,3
3448,2,1,2,3,5,5
3448,2,1,2,9,5,5
3448,2,1,2,10,5,5
3448,2,1,2,14,5,5
3448,2,1,2,16,5,5
3448,2,1,2,23,5,5
3448,2,1,2,30,5,5
3448,2,1,2,31,5,5
3448,2,1,3,6,5,5
3449,2,1,2,2,10,5
3450,2,1,2,2,5,5
3450,2,1,2,3,5,5
3450,2,1,2,4,5,5
3451,2,1,4,2,7,4
3452,2,1,2,2,7,5
3452,2,1,3,5,7,5
3452,2,1,3,32,7,5
3452,2,1,3,32,7,32
3452,2,1,3,32,7,32
3453,2,1,2,2,7,5
3453,2,1,2,9,8,5
3453,2,1,2,16,8,5
3454,2,1,6,2,3,2
3455,2,1,2,2,4,3
3456,2,1,2,2,5,5
3457,2,1,2,2,4,2
3458,2,1,2,2,5,4
3458,2,1,2,15,5,4
3458,2,1,2,23,5,5
3458,2,1,2,27,3,5
3458,2,1,3,4,3,2
3458,2,1,4,2,3,4
3459,2,1,2,1,6,1
3459,2,1,2,2,8,6
3460,2,1,2,2,6,4
3461,2,1,2,1,2,4
3461,2,1,2,3,2,3
3461,2,1,3,12,2,1
3462,2,1,6,1,4,1
3463,2,1,2,1,6,5
3463,2,1,3,9,6,45
3464,2,1,3,20,6,5
3464,2,1,4,1,6,5
3465,2,1,2,1,6,5
3465,2,1,2,2,6,5
3466,2,1,2,1,10,4
3467,2,1,3,5,6,2
3467,2,1,4,1,6,1
3468,2,1,2,1,9,5
3468,2,1,2,2,9,5
3468,2,1,2,32,9,5
3468,2,1,2,32,9,5
3469,2,1,4,1,4,2
3469,2,1,4,2,4,2
3470,2,1,3,25,4,4
3470,2,1,3,31,4,5
3470,2,1,4,1,4,5
3471,2,1,4,1,4,5
3472,2,1,2,1,5,3
3472,2,1,2,2,5,3
3473,2,1,3,4,5,5
3473,2,1,3,5,5,5
3473,2,1,3,6,5,5
3473,2,1,3,19,5,5
3473,2,1,3,20,5,5
3473,2,1,4,1,5,5
3473,2,1,4,2,5,5
3473,2,1,4,3,5,5
3473,2,1,6,20,5,5
3474,2,1,2,1,7,4
3475,2,1,2,1,6,5
3475,2,1,2,32,6,5
3624,2,1,3,,6,9
4138,1,2,2,32,5,5
4139,1,2,2,32,6,5
4139,1,2,2,32,6,5
4141,1,2,2,32,6,5
4141,1,2,3,32,15,5
4141,1,2,3,32,15,5
4141,1,2,4,3,15,2
4142,1,2,2,18,15,4
4142,1,2,4,2,15,4
4143,1,2,2,21,15,3
4144,1,2,6,32,15,3
4149,1,2,2,6,5,3
4152,1,2,2,30,4,5
4153,1,2,3,21,4,4
4153,1,2,3,25,4,4
4155,1,2,2,22,6,2
4158,1,2,2,22,6,2
4161,1,2,4,1,4,2
4161,1,2,4,3,4,1
4167,1,2,3,27,4,3
4167,1,2,4,2,4,5
4167,1,2,4,3,4,1
4180,1,2,3,10,4,22
4180,1,2,3,21,4,11
4180,1,2,3,24,4,15
4202,1,2,4,2,4,3
4202,1,2,4,3,4,5
4210,1,2,3,2,4,3
4210,1,2,3,4,4,3
4210,1,2,3,7,4,4
4210,1,2,3,9,4,4
4210,1,2,3,9,4,4
4211,1,2,3,16,4,4
4212,1,2,3,16,4,5
4217,1,2,4,1,6,2
4228,1,2,2,32,13,5
4228,1,2,2,32,13,5
4237,1,2,6,32,15,4
4242,1,2,2,32,4,4
4249,1,2,3,25,6,5
4249,1,2,3,26,6,5
4253,1,2,3,27,4,5
4254,1,2,3,27,4,5
4256,1,2,2,32,2,2
4267,1,2,2,16,4,2
4268,1,2,2,31,4,5
4268,1,2,3,1,4,5
4270,1,2,6,32,4,2
4272,1,2,3,28,6,1
4273,1,2,2,9,6,1
4275,1,2,2,28,4,5
4275,1,2,2,29,4,4
4275,1,2,3,28,4,5
4276,1,2,2,3,3,5
4281,1,2,3,21,4,4
4281,1,2,3,25,4,4
4297,1,2,3,27,4,1
4298,1,2,2,27,2,5
4298,1,2,2,28,2,5
4298,1,2,2,29,2,5
4301,1,2,2,32,6,5
4301,1,2,2,32,6,5
4314,1,2,2,4,15,2
4318,1,2,3,25,4,2
4318,1,2,3,26,4,1
4318,1,2,3,27,4,5
4318,1,2,4,1,4,4
4318,1,2,4,2,4,5
4318,1,2,4,5,4,5
4322,1,2,2,6,6,2
4322,1,2,2,7,6,2
4324,1,2,2,6,6,2
4324,1,2,2,7,6,2
4332,1,2,3,32,6,1
4347,1,2,3,3,5,5
4347,1,2,3,4,5,5
4347,1,2,3,5,5,5
4347,1,2,3,6,5,5
4347,1,2,3,7,5,5
4356,1,2,2,14,3,1
4356,1,2,2,15,3,5
4356,1,2,2,16,3,3
4361,1,2,4,2,4,3
4361,1,2,4,3,4,3
4368,1,2,2,5,6,5
4377,1,2,3,32,6,1
4377,1,2,4,32,6,2
4387,1,2,6,32,15,4
4388,1,2,2,23,4,4
4388,1,2,3,3,4,2
4406,1,2,2,1,3,10
4412,1,2,3,11,3,5
4416,1,2,3,32,4,5
4416,1,2,3,32,4,5
4416,1,2,3,32,4,5
4416,1,2,3,32,4,5
4416,1,2,3,32,4,5
4416,1,2,3,32,4,5
4416,1,2,3,32,4,5
4441,1,2,2,2,8,5
4441,1,2,2,2,7,5
4445,1,2,2,15,6,2
4445,1,2,2,23,6,1
4445,1,2,3,12,6,3
4445,1,2,3,26,6,2
4449,1,2,6,32,4,5
4451,1,2,2,32,4,5
4463,1,2,3,4,6,2
4467,1,2,2,3,6,4
4471,1,2,4,23,4,5
4471,1,2,4,24,4,5
4471,1,2,4,25,4,3
4478,1,2,2,9,6,4
4497,1,2,3,19,4,5
4499,1,2,2,32,2,2
4502,1,2,2,32,2,2
4508,1,2,2,10,9,5
4518,1,2,2,32,15,1
4533,1,2,2,15,4,5
4533,1,2,2,22,4,5
4535,1,2,4,32,7,5
4535,1,2,4,32,7,5
4535,1,2,4,32,7,5
4535,1,2,4,32,7,5
4536,1,2,3,22,4,5
4536,1,2,3,23,4,5
4536,1,2,3,24,4,5
4536,1,2,3,25,4,5
4536,1,2,3,26,4,5
4536,1,2,3,27,4,5
4536,1,2,3,28,4,5
4536,1,2,3,29,4,5
4536,1,2,3,30,4,5
4536,1,2,3,31,4,5
4536,1,2,4,1,4,5
4536,1,2,4,2,4,5
4547,1,2,2,2,10,4
4553,1,2,4,32,4,5
4555,1,2,6,32,4,4
4559,1,2,2,4,5,5
4563,1,2,6,32,4,5
4568,1,2,2,32,4,5
4580,1,2,2,15,5,5
4583,1,2,2,12,4,5
4585,1,2,3,32,9,2
4586,1,2,3,32,9,2
4596,1,2,2,32,4,5
4604,1,2,2,4,6,5
4604,1,2,2,5,6,5
4604,1,2,2,6,6,5
4604,1,2,2,7,6,5
4614,1,2,2,32,3,4
4614,1,2,3,32,3,2
4614,1,2,3,32,3,3
4618,1,2,3,16,15,3
4618,1,2,3,22,15,5
4618,1,2,3,23,15,2
4619,1,2,2,15,4,5
4619,1,2,2,16,4,5
4623,1,2,2,32,4,5
4623,1,2,3,32,4,5
4630,1,2,3,20,15,4
4636,1,2,3,26,12,7
4644,1,2,2,32,4,3
4644,1,2,2,32,4,3
4649,1,2,2,32,15,4
4649,1,2,2,32,7,4
4649,1,2,3,32,7,4
4649,1,2,3,32,7,4
4649,1,2,4,32,8,4
4649,1,2,4,32,7,4
4659,1,2,3,11,6,5
4671,1,2,2,32,4,5
4675,1,2,6,32,5,1
4676,1,2,6,32,8,4
4679,1,2,2,3,13,4
4683,1,2,3,32,4,3
4684,1,2,3,4,12,2
